name,question,answer,question_from,answer_by,when_asked,status
Ulrick Wyatt,nulla eget eros elementum pellentesque quisque porta volutpat erat quisque erat eros viverra eget congue eget,a odio in hac habitasse platea dictumst maecenas ut massa quis augue luctus tincidunt nulla,5,3,2022-03-18 13:18:11,nibh
Lacee Josephi,ultrices mattis odio donec vitae nisi nam ultrices libero non mattis pulvinar nulla pede ullamcorper augue a suscipit,ligula pellentesque ultrices phasellus id sapien in sapien iaculis congue,5,9,2021-08-06 06:32:34,diam
Romona Snufflebottom,nulla elit ac nulla sed vel enim sit amet nunc,amet sapien dignissim vestibulum vestibulum ante ipsum primis in faucibus orci luctus et ultrices posuere cubilia curae nulla dapibus dolor,8,9,2021-12-01 12:18:08,faucibus
Lissa Reinisch,nam ultrices libero non mattis pulvinar nulla pede ullamcorper augue a suscipit nulla elit ac nulla sed vel,odio justo sollicitudin ut suscipit a feugiat et eros vestibulum ac est lacinia nisi venenatis tristique fusce congue,9,6,2021-05-31 02:02:26,vivamus
Philbert Bouskill,ornare imperdiet sapien urna pretium nisl ut volutpat sapien arcu sed augue aliquam,nonummy maecenas tincidunt lacus at velit vivamus vel nulla eget eros elementum pellentesque quisque porta volutpat erat,1,10,2022-05-12 11:44:29,nec
Robinia Pennyman,ultrices enim lorem ipsum dolor sit amet consectetuer adipiscing elit proin interdum mauris non ligula pellentesque ultrices,augue luctus tincidunt nulla mollis molestie lorem quisque ut erat curabitur gravida nisi at nibh in hac habitasse,2,1,2022-01-02 07:51:28,quam
Clotilda Seman,aenean sit amet justo morbi ut odio cras mi pede malesuada in imperdiet et commodo vulputate,odio elementum eu interdum eu tincidunt in leo maecenas pulvinar lobortis est,10,9,2021-09-27 04:19:22,orci
Corty Stitch,dapibus nulla suscipit ligula in lacus curabitur at ipsum ac tellus semper interdum mauris ullamcorper purus,quis justo maecenas rhoncus aliquam lacus morbi quis tortor id nulla ultrices aliquet maecenas leo odio condimentum id luctus nec,1,8,2022-03-09 15:31:52,fusce
Winnah Du Plantier,libero quis orci nullam molestie nibh in lectus pellentesque at nulla,leo odio porttitor id consequat in consequat ut nulla sed accumsan,9,9,2021-08-18 18:35:08,morbi
Fan Bunyard,mattis odio donec vitae nisi nam ultrices libero non mattis pulvinar nulla pede ullamcorper augue a suscipit nulla elit,posuere nonummy integer non velit donec diam neque vestibulum eget vulputate ut ultrices vel augue,5,3,2021-09-09 03:58:39,ante
Aldwin Wagg,in faucibus orci luctus et ultrices posuere cubilia curae duis faucibus,sodales sed tincidunt eu felis fusce posuere felis sed lacus morbi sem mauris laoreet ut rhoncus aliquet,10,2,2022-04-05 10:48:46,cursus
Kristan Attersoll,neque duis bibendum morbi non quam nec dui luctus rutrum nulla tellus in sagittis dui vel nisl duis,sapien iaculis congue vivamus metus arcu adipiscing molestie hendrerit at vulputate vitae nisl aenean,8,7,2021-12-13 12:04:10,aenean
Eloise Ivie,erat curabitur gravida nisi at nibh in hac habitasse platea dictumst aliquam augue quam sollicitudin vitae consectetuer,non pretium quis lectus suspendisse potenti in eleifend quam a odio in hac habitasse platea dictumst maecenas ut massa,6,10,2021-12-30 13:42:19,in
Ephrayim Dronsfield,pellentesque volutpat dui maecenas tristique est et tempus semper est quam pharetra magna ac,massa id nisl venenatis lacinia aenean sit amet justo morbi ut odio cras mi pede malesuada in imperdiet,9,10,2022-05-25 12:37:41,proin
Clair Starbuck,ac consequat metus sapien ut nunc vestibulum ante ipsum primis in faucibus orci luctus et ultrices posuere cubilia curae,vulputate elementum nullam varius nulla facilisi cras non velit nec nisi vulputate nonummy maecenas tincidunt lacus at velit vivamus,1,10,2022-05-08 16:46:15,eget
Cleve Loukes,elementum pellentesque quisque porta volutpat erat quisque erat eros viverra eget,integer a nibh in quis justo maecenas rhoncus aliquam lacus morbi quis tortor id,4,3,2022-01-18 23:19:03,vel
Eugenius Heimes,odio justo sollicitudin ut suscipit a feugiat et eros vestibulum ac est lacinia nisi venenatis tristique fusce,lobortis ligula sit amet eleifend pede libero quis orci nullam molestie nibh in lectus pellentesque at nulla,2,2,2021-07-28 04:05:03,risus
Berri Owbridge,nulla sed vel enim sit amet nunc viverra dapibus nulla suscipit ligula,a libero nam dui proin leo odio porttitor id consequat in consequat ut nulla sed accumsan felis ut at dolor,4,6,2021-08-13 17:51:25,id
Franciska Hillburn,pellentesque volutpat dui maecenas tristique est et tempus semper est quam pharetra magna,nibh in lectus pellentesque at nulla suspendisse potenti cras in purus eu magna vulputate luctus cum sociis natoque penatibus et,5,3,2022-04-28 09:39:55,lobortis
Lissa Shiril,convallis eget eleifend luctus ultricies eu nibh quisque id justo sit amet sapien dignissim,turpis elementum ligula vehicula consequat morbi a ipsum integer a nibh in quis,1,2,2022-03-03 19:42:20,rhoncus
Eran Staddon,at dolor quis odio consequat varius integer ac leo pellentesque,posuere felis sed lacus morbi sem mauris laoreet ut rhoncus,9,8,2021-12-09 10:35:31,pede
Maximilianus Beyer,pede ullamcorper augue a suscipit nulla elit ac nulla sed vel enim sit amet nunc viverra,turpis adipiscing lorem vitae mattis nibh ligula nec sem duis aliquam convallis nunc proin at turpis,1,5,2021-12-16 08:40:52,dignissim
Forrest Leek,morbi sem mauris laoreet ut rhoncus aliquet pulvinar sed nisl nunc rhoncus dui vel sem,ante ipsum primis in faucibus orci luctus et ultrices posuere cubilia curae mauris,4,9,2022-03-09 13:57:49,purus
Corabel Moir,turpis sed ante vivamus tortor duis mattis egestas metus aenean fermentum donec ut mauris eget massa tempor convallis,et commodo vulputate justo in blandit ultrices enim lorem ipsum dolor sit amet consectetuer adipiscing elit proin interdum mauris,1,1,2021-06-06 23:54:28,erat
Edythe Lazare,massa volutpat convallis morbi odio odio elementum eu interdum eu tincidunt in leo maecenas pulvinar lobortis est phasellus sit amet,nec nisi volutpat eleifend donec ut dolor morbi vel lectus in quam fringilla,3,8,2022-05-12 16:58:45,consectetuer
Piper Bartaloni,elit ac nulla sed vel enim sit amet nunc viverra dapibus nulla suscipit ligula in,sed accumsan felis ut at dolor quis odio consequat varius integer ac leo pellentesque ultrices mattis odio,3,5,2021-08-25 12:47:52,leo
Inger Rathjen,leo rhoncus sed vestibulum sit amet cursus id turpis integer,massa id lobortis convallis tortor risus dapibus augue vel accumsan tellus,10,6,2022-01-30 07:50:52,libero
Karleen Leif,odio curabitur convallis duis consequat dui nec nisi volutpat eleifend donec ut dolor morbi vel lectus in quam fringilla,eget vulputate ut ultrices vel augue vestibulum ante ipsum primis in faucibus orci luctus,3,10,2021-10-13 04:59:33,quisque
Clare Groll,in hac habitasse platea dictumst aliquam augue quam sollicitudin vitae consectetuer eget rutrum at lorem,in purus eu magna vulputate luctus cum sociis natoque penatibus et magnis dis,2,10,2021-06-20 05:39:06,nulla
Ulick Whyte,donec quis orci eget orci vehicula condimentum curabitur in libero ut massa volutpat convallis morbi odio odio elementum eu interdum,quisque porta volutpat erat quisque erat eros viverra eget congue eget semper rutrum nulla nunc purus phasellus,7,10,2022-02-04 00:29:24,integer
Barbra Highton,id ornare imperdiet sapien urna pretium nisl ut volutpat sapien arcu,luctus rutrum nulla tellus in sagittis dui vel nisl duis ac nibh,7,5,2022-02-09 08:22:34,ut
Pauly Towler,suspendisse potenti in eleifend quam a odio in hac habitasse platea dictumst,sociis natoque penatibus et magnis dis parturient montes nascetur ridiculus mus etiam vel augue vestibulum rutrum rutrum neque aenean,8,9,2021-10-09 20:42:54,libero
Lexie Penticost,et magnis dis parturient montes nascetur ridiculus mus vivamus vestibulum sagittis sapien,ipsum dolor sit amet consectetuer adipiscing elit proin risus praesent lectus vestibulum quam sapien varius ut blandit non interdum,1,1,2022-04-03 10:53:05,augue
Denni Birtley,vestibulum sagittis sapien cum sociis natoque penatibus et magnis dis parturient montes nascetur ridiculus mus etiam vel augue vestibulum rutrum,eget vulputate ut ultrices vel augue vestibulum ante ipsum primis,1,6,2021-11-28 06:03:31,nulla
Elga Fibbit,natoque penatibus et magnis dis parturient montes nascetur ridiculus mus etiam vel augue,orci luctus et ultrices posuere cubilia curae donec pharetra magna vestibulum aliquet ultrices erat tortor sollicitudin mi sit amet,10,5,2021-06-11 00:10:44,curabitur
Nance Wroe,quam a odio in hac habitasse platea dictumst maecenas ut massa quis augue luctus tincidunt nulla mollis molestie lorem quisque,ultrices posuere cubilia curae mauris viverra diam vitae quam suspendisse potenti nullam porttitor lacus at,4,7,2022-02-04 09:31:01,amet
Harlin Le land,auctor sed tristique in tempus sit amet sem fusce consequat,leo odio condimentum id luctus nec molestie sed justo pellentesque viverra pede ac diam cras pellentesque volutpat dui maecenas tristique,10,6,2022-02-16 01:26:22,iaculis
Sharline Ubsdale,vel nisl duis ac nibh fusce lacus purus aliquet at feugiat non pretium quis lectus suspendisse,leo pellentesque ultrices mattis odio donec vitae nisi nam ultrices libero non mattis,6,7,2021-09-19 00:01:45,in
Fonzie Pascho,suspendisse ornare consequat lectus in est risus auctor sed tristique in tempus sit amet sem,morbi sem mauris laoreet ut rhoncus aliquet pulvinar sed nisl nunc rhoncus dui vel sem sed,6,9,2021-12-12 02:04:20,odio
Levon Tomasoni,ultrices erat tortor sollicitudin mi sit amet lobortis sapien sapien non,penatibus et magnis dis parturient montes nascetur ridiculus mus etiam vel augue vestibulum rutrum rutrum neque aenean auctor gravida,6,5,2021-06-21 05:52:55,lectus
Ive Di Roberto,lectus in est risus auctor sed tristique in tempus sit amet sem fusce consequat nulla nisl nunc nisl duis,luctus et ultrices posuere cubilia curae duis faucibus accumsan odio curabitur convallis duis consequat dui nec nisi volutpat eleifend donec,4,5,2021-06-12 02:48:14,viverra
Basia Grosvenor,praesent lectus vestibulum quam sapien varius ut blandit non interdum in ante vestibulum ante ipsum primis in faucibus orci,sed magna at nunc commodo placerat praesent blandit nam nulla integer pede,6,2,2021-12-11 23:07:01,in
Bernadette Kevlin,posuere cubilia curae donec pharetra magna vestibulum aliquet ultrices erat tortor sollicitudin mi sit amet lobortis sapien sapien,eu tincidunt in leo maecenas pulvinar lobortis est phasellus sit amet erat nulla tempus vivamus in felis eu,7,10,2022-01-21 06:47:23,imperdiet
Priscilla Mayger,vestibulum ante ipsum primis in faucibus orci luctus et ultrices posuere cubilia curae donec pharetra magna vestibulum,natoque penatibus et magnis dis parturient montes nascetur ridiculus mus etiam vel augue vestibulum rutrum rutrum neque aenean,4,8,2021-12-12 09:31:50,aenean
Tiff Belasco,scelerisque quam turpis adipiscing lorem vitae mattis nibh ligula nec sem duis aliquam convallis,in porttitor pede justo eu massa donec dapibus duis at velit eu est congue elementum,10,6,2021-10-19 02:08:24,lobortis
Damaris Bowling,est quam pharetra magna ac consequat metus sapien ut nunc vestibulum ante,tortor duis mattis egestas metus aenean fermentum donec ut mauris,5,2,2022-05-04 22:11:38,volutpat
Hilly Gohier,aliquet ultrices erat tortor sollicitudin mi sit amet lobortis sapien sapien non mi,porttitor pede justo eu massa donec dapibus duis at velit eu est congue elementum in hac habitasse platea,3,2,2021-09-12 07:59:21,in
Hansiain Berks,sapien arcu sed augue aliquam erat volutpat in congue etiam justo etiam pretium iaculis justo in hac habitasse,integer non velit donec diam neque vestibulum eget vulputate ut ultrices vel augue vestibulum ante ipsum,9,5,2021-11-28 07:08:22,duis
Brianna Gerardot,eleifend pede libero quis orci nullam molestie nibh in lectus pellentesque at nulla suspendisse potenti cras in,montes nascetur ridiculus mus etiam vel augue vestibulum rutrum rutrum neque aenean auctor gravida sem praesent id massa id nisl,7,2,2021-10-21 02:13:00,justo
Clare Matthai,justo maecenas rhoncus aliquam lacus morbi quis tortor id nulla ultrices aliquet maecenas leo odio condimentum id luctus nec molestie,maecenas rhoncus aliquam lacus morbi quis tortor id nulla ultrices aliquet maecenas leo odio condimentum,3,1,2021-09-18 20:59:26,a
Windy McNirlan,imperdiet et commodo vulputate justo in blandit ultrices enim lorem ipsum dolor sit amet consectetuer adipiscing elit proin interdum mauris,ligula vehicula consequat morbi a ipsum integer a nibh in quis justo maecenas rhoncus aliquam,2,9,2021-10-22 04:12:49,dolor
Daffi Mitchelhill,volutpat dui maecenas tristique est et tempus semper est quam pharetra magna ac consequat metus sapien ut,donec pharetra magna vestibulum aliquet ultrices erat tortor sollicitudin mi sit amet lobortis sapien sapien non mi integer ac,6,1,2021-10-27 16:26:00,tempus
Dunc Dearnaley,augue vel accumsan tellus nisi eu orci mauris lacinia sapien quis libero nullam sit amet turpis elementum ligula,potenti in eleifend quam a odio in hac habitasse platea dictumst maecenas ut massa quis augue,2,4,2022-01-27 12:56:00,nunc
Katharine Benger,orci nullam molestie nibh in lectus pellentesque at nulla suspendisse potenti cras in purus eu magna,morbi vestibulum velit id pretium iaculis diam erat fermentum justo nec condimentum neque sapien placerat ante nulla justo aliquam quis,1,5,2022-03-23 12:44:11,cubilia
Shanna O'Kenny,interdum mauris ullamcorper purus sit amet nulla quisque arcu libero rutrum ac lobortis vel dapibus at diam nam tristique,ac nibh fusce lacus purus aliquet at feugiat non pretium quis lectus suspendisse potenti,6,5,2022-03-10 21:20:08,augue
Rachelle Rohlfs,mauris laoreet ut rhoncus aliquet pulvinar sed nisl nunc rhoncus dui vel sem sed sagittis nam congue,suspendisse ornare consequat lectus in est risus auctor sed tristique in tempus sit amet sem fusce consequat nulla nisl,9,5,2022-01-25 23:25:57,a
Eileen Ibell,venenatis lacinia aenean sit amet justo morbi ut odio cras mi pede malesuada in imperdiet et commodo vulputate justo in,eros vestibulum ac est lacinia nisi venenatis tristique fusce congue diam id ornare imperdiet,1,10,2022-03-21 06:57:07,donec
Verine Brockwell,risus auctor sed tristique in tempus sit amet sem fusce consequat nulla nisl nunc nisl duis bibendum felis,lobortis est phasellus sit amet erat nulla tempus vivamus in felis eu sapien cursus vestibulum proin eu mi,6,6,2022-04-18 00:40:30,eget
Gwyneth Steiner,enim sit amet nunc viverra dapibus nulla suscipit ligula in lacus curabitur at ipsum ac tellus,luctus rutrum nulla tellus in sagittis dui vel nisl duis ac nibh fusce lacus purus,2,4,2021-10-01 23:44:52,odio
Becky Whiteside,ac consequat metus sapien ut nunc vestibulum ante ipsum primis in faucibus orci,sit amet consectetuer adipiscing elit proin interdum mauris non ligula pellentesque ultrices phasellus id sapien in sapien iaculis congue vivamus,7,4,2022-02-12 19:18:08,non
Brock Kellett,ante vel ipsum praesent blandit lacinia erat vestibulum sed magna at,eros suspendisse accumsan tortor quis turpis sed ante vivamus tortor,7,10,2021-06-03 00:43:03,in
Emera Streater,odio curabitur convallis duis consequat dui nec nisi volutpat eleifend donec ut dolor,massa id lobortis convallis tortor risus dapibus augue vel accumsan tellus nisi eu orci mauris lacinia sapien quis libero nullam,7,1,2022-05-11 02:43:24,non
Doralyn Absalom,etiam pretium iaculis justo in hac habitasse platea dictumst etiam faucibus cursus urna ut tellus nulla ut,vel pede morbi porttitor lorem id ligula suspendisse ornare consequat lectus in est risus,5,8,2021-07-18 02:29:18,sollicitudin
Adelheid Akred,non lectus aliquam sit amet diam in magna bibendum imperdiet nullam orci pede venenatis,libero non mattis pulvinar nulla pede ullamcorper augue a suscipit nulla elit ac nulla sed vel,6,3,2022-03-14 15:36:59,justo
Pauly Pocknoll,vivamus vestibulum sagittis sapien cum sociis natoque penatibus et magnis dis parturient montes nascetur ridiculus,cubilia curae mauris viverra diam vitae quam suspendisse potenti nullam porttitor lacus at turpis donec posuere metus vitae,4,4,2021-11-23 10:35:50,libero
Thomasin Conduit,ut mauris eget massa tempor convallis nulla neque libero convallis,in ante vestibulum ante ipsum primis in faucibus orci luctus et ultrices posuere,8,2,2021-09-15 16:47:21,nam
Cordy Nother,at nibh in hac habitasse platea dictumst aliquam augue quam sollicitudin vitae consectetuer eget rutrum at lorem,amet eros suspendisse accumsan tortor quis turpis sed ante vivamus tortor,5,7,2021-05-28 02:32:36,mi
Garik Downham,purus aliquet at feugiat non pretium quis lectus suspendisse potenti in eleifend quam a odio in hac habitasse,integer non velit donec diam neque vestibulum eget vulputate ut ultrices vel augue vestibulum ante ipsum primis in,9,2,2021-07-14 20:55:59,volutpat
Tabbitha Probate,id lobortis convallis tortor risus dapibus augue vel accumsan tellus nisi eu orci,eleifend luctus ultricies eu nibh quisque id justo sit amet sapien dignissim vestibulum vestibulum ante ipsum primis,9,2,2021-10-02 08:50:21,montes
Casper Oldred,dictumst maecenas ut massa quis augue luctus tincidunt nulla mollis molestie lorem quisque ut erat curabitur gravida,venenatis non sodales sed tincidunt eu felis fusce posuere felis sed lacus morbi sem mauris laoreet,6,6,2022-01-24 10:39:06,euismod
Letizia Dawltrey,nisi vulputate nonummy maecenas tincidunt lacus at velit vivamus vel nulla eget eros elementum pellentesque quisque porta volutpat,porttitor id consequat in consequat ut nulla sed accumsan felis ut,3,8,2022-01-04 19:47:00,at
Brigida Payler,sociis natoque penatibus et magnis dis parturient montes nascetur ridiculus,venenatis turpis enim blandit mi in porttitor pede justo eu massa donec dapibus,10,5,2021-10-18 02:05:04,vivamus
Irita Dytham,mi integer ac neque duis bibendum morbi non quam nec dui luctus rutrum nulla tellus in,arcu adipiscing molestie hendrerit at vulputate vitae nisl aenean lectus pellentesque eget nunc donec quis orci eget orci vehicula,8,10,2022-04-24 07:56:18,sed
Gussy King,sem fusce consequat nulla nisl nunc nisl duis bibendum felis sed interdum venenatis turpis enim blandit mi in,purus sit amet nulla quisque arcu libero rutrum ac lobortis vel dapibus at diam nam tristique tortor,8,8,2021-06-03 00:25:14,commodo
Nessi McCome,montes nascetur ridiculus mus etiam vel augue vestibulum rutrum rutrum neque aenean auctor,erat fermentum justo nec condimentum neque sapien placerat ante nulla justo aliquam quis turpis eget elit sodales scelerisque,3,6,2021-12-20 07:46:07,nisi
Moises Stanner,volutpat erat quisque erat eros viverra eget congue eget semper rutrum nulla nunc purus phasellus in felis,tortor id nulla ultrices aliquet maecenas leo odio condimentum id luctus nec molestie sed justo pellentesque viverra pede ac,2,9,2021-09-16 05:27:56,tortor
Roselle Championnet,suspendisse potenti in eleifend quam a odio in hac habitasse platea dictumst maecenas,vestibulum sit amet cursus id turpis integer aliquet massa id lobortis convallis tortor risus dapibus augue,7,2,2021-06-07 00:51:28,nulla
Drucie Scutter,turpis adipiscing lorem vitae mattis nibh ligula nec sem duis aliquam convallis nunc,mauris laoreet ut rhoncus aliquet pulvinar sed nisl nunc rhoncus dui vel sem sed,10,10,2021-11-26 05:39:02,mus
Noe Wantling,nulla sed vel enim sit amet nunc viverra dapibus nulla suscipit ligula in lacus curabitur,at nulla suspendisse potenti cras in purus eu magna vulputate luctus cum sociis natoque penatibus et magnis dis,10,4,2022-05-17 05:07:30,phasellus
Veda Nurny,tristique fusce congue diam id ornare imperdiet sapien urna pretium nisl ut volutpat sapien arcu sed augue aliquam erat,blandit mi in porttitor pede justo eu massa donec dapibus duis at velit eu est congue elementum,1,9,2022-04-22 10:13:44,a
Erasmus Cosker,ullamcorper purus sit amet nulla quisque arcu libero rutrum ac lobortis vel dapibus at diam nam tristique tortor eu,tempus vel pede morbi porttitor lorem id ligula suspendisse ornare consequat lectus in est risus auctor sed tristique in tempus,1,7,2022-05-06 10:52:25,sem
Corney Gentile,iaculis diam erat fermentum justo nec condimentum neque sapien placerat ante nulla justo aliquam quis turpis,ullamcorper purus sit amet nulla quisque arcu libero rutrum ac lobortis vel dapibus,7,9,2022-04-30 12:21:01,erat
Thayne Joynt,aliquet maecenas leo odio condimentum id luctus nec molestie sed justo pellentesque viverra,vivamus vestibulum sagittis sapien cum sociis natoque penatibus et magnis dis parturient montes nascetur ridiculus mus etiam,7,6,2021-08-08 18:23:31,neque
Neile Shortland,erat fermentum justo nec condimentum neque sapien placerat ante nulla justo aliquam quis turpis eget,ligula nec sem duis aliquam convallis nunc proin at turpis a pede posuere nonummy integer non velit donec diam neque,5,4,2022-03-04 09:04:07,erat
Caritta Pinnigar,ligula sit amet eleifend pede libero quis orci nullam molestie nibh in lectus pellentesque,blandit lacinia erat vestibulum sed magna at nunc commodo placerat praesent blandit nam nulla,6,6,2021-06-13 23:04:28,montes
Trent Waleworke,lectus vestibulum quam sapien varius ut blandit non interdum in ante vestibulum ante ipsum primis in,congue vivamus metus arcu adipiscing molestie hendrerit at vulputate vitae nisl aenean lectus pellentesque eget nunc donec quis orci,10,10,2021-07-10 19:52:30,mus
Elladine Lasty,mauris vulputate elementum nullam varius nulla facilisi cras non velit nec nisi vulputate,praesent blandit lacinia erat vestibulum sed magna at nunc commodo placerat praesent blandit nam nulla integer pede justo,6,10,2022-05-20 22:13:56,non
Hedda Grishinov,lorem integer tincidunt ante vel ipsum praesent blandit lacinia erat vestibulum sed,quis justo maecenas rhoncus aliquam lacus morbi quis tortor id nulla ultrices aliquet maecenas leo odio condimentum,1,1,2021-12-09 13:33:19,tortor
Alford Gonzalez,id sapien in sapien iaculis congue vivamus metus arcu adipiscing molestie hendrerit,volutpat quam pede lobortis ligula sit amet eleifend pede libero quis,7,10,2021-11-09 23:03:22,ut
Fredericka Winmill,vestibulum quam sapien varius ut blandit non interdum in ante vestibulum ante ipsum,amet erat nulla tempus vivamus in felis eu sapien cursus,8,4,2022-03-06 02:19:21,congue
Winnah Mecozzi,fusce consequat nulla nisl nunc nisl duis bibendum felis sed interdum venenatis turpis enim blandit mi in,non quam nec dui luctus rutrum nulla tellus in sagittis dui vel,4,4,2021-06-26 00:08:27,eget
Mara Fouldes,vitae nisl aenean lectus pellentesque eget nunc donec quis orci eget orci vehicula condimentum curabitur in libero ut,id mauris vulputate elementum nullam varius nulla facilisi cras non velit,10,10,2022-01-24 03:07:56,nulla
Laurene Beades,diam in magna bibendum imperdiet nullam orci pede venenatis non sodales sed tincidunt eu felis,lectus aliquam sit amet diam in magna bibendum imperdiet nullam orci pede venenatis non sodales sed,2,8,2022-02-07 01:58:49,tortor
Price Hegges,in quis justo maecenas rhoncus aliquam lacus morbi quis tortor,nulla sed accumsan felis ut at dolor quis odio consequat varius integer ac leo,6,5,2022-03-03 06:07:16,vulputate
Janeczka Feldharker,odio in hac habitasse platea dictumst maecenas ut massa quis augue luctus tincidunt nulla mollis molestie lorem quisque ut,gravida nisi at nibh in hac habitasse platea dictumst aliquam augue quam sollicitudin vitae consectetuer,8,5,2022-05-10 07:05:41,volutpat
Malinde Barby,quisque erat eros viverra eget congue eget semper rutrum nulla nunc,ultrices vel augue vestibulum ante ipsum primis in faucibus orci luctus,5,3,2021-07-14 04:13:01,libero
Clarke Iannuzzi,bibendum felis sed interdum venenatis turpis enim blandit mi in porttitor pede justo eu massa donec dapibus,ac tellus semper interdum mauris ullamcorper purus sit amet nulla quisque arcu libero rutrum ac lobortis,5,4,2021-07-04 08:51:11,tempor
Daphene Llewellyn,dictumst aliquam augue quam sollicitudin vitae consectetuer eget rutrum at lorem integer tincidunt,posuere nonummy integer non velit donec diam neque vestibulum eget vulputate,6,1,2022-01-15 23:31:38,diam
Darcee Kort,luctus et ultrices posuere cubilia curae donec pharetra magna vestibulum aliquet ultrices erat tortor sollicitudin mi,semper sapien a libero nam dui proin leo odio porttitor id consequat in consequat ut nulla,1,5,2022-02-08 22:46:58,adipiscing
Lenee Piletic,tortor id nulla ultrices aliquet maecenas leo odio condimentum id luctus nec molestie sed justo pellentesque viverra pede ac diam,nulla tempus vivamus in felis eu sapien cursus vestibulum proin eu,5,7,2022-04-23 15:03:06,est
